{
    "sourceFile": "index.html",
    "activeCommit": 0,
    "commits": [
        {
            "activePatchIndex": 0,
            "patches": [
                {
                    "date": 1645316659269,
                    "content": "Index: \n===================================================================\n--- \n+++ \n"
                }
            ],
            "date": 1645316659269,
            "name": "Commit-0",
            "content": "<!DOCTYPE html>\n<html lang=\"en\">\n    <head>\n        <meta charset=\"utf-8\" />\n        <meta name=\"viewport\" content=\"width=device-width, initial-scale=1, shrink-to-fit=no\" />\n        <meta name=\"description\" content=\"\" />\n        <meta name=\"author\" content=\"\" />\n        <title>Ai-Trader</title>\n        <link rel=\"icon\" type=\"image/x-icon\" href=\"assets/favicon.ico\" />\n        <!-- Font Awesome icons (free version)-->\n        <script src=\"https://use.fontawesome.com/releases/v5.15.4/js/all.js\" crossorigin=\"anonymous\"></script>\n        <!-- Google fonts-->\n        <link href=\"https://fonts.googleapis.com/css?family=Varela+Round\" rel=\"stylesheet\" />\n        <link href=\"https://fonts.googleapis.com/css?family=Nunito:200,200i,300,300i,400,400i,600,600i,700,700i,800,800i,900,900i\" rel=\"stylesheet\" />\n        <!-- Core theme CSS (includes Bootstrap)-->\n        <link href=\"css/styles.css\" rel=\"stylesheet\" />\n        <link href=\"css/animate.css\" rel=\"stylesheet\" />\n        <link href=\"css/custom.css\" rel=\"stylesheet\" />\n        <script src=\"js/jquery.js\"></script>\n        <script src=\"js/wow.js\"></script>\n        <script src=\"js/bs.js\"></script>\n        <script type=\"text/javascript\">\n            //Initiat WOW JS\n            window.onload = function(){\n                $(\"#loaderr\").hide();\n                new WOW().init();\n            }\n            // new WOW().init();\n        </script>\n        <style>\n            #loaderr{\n                position: fixed;\n                z-index: 99;\n                top: 0;\n                bottom: 0;\n                left: 0;\n                right: 0;\n                background: linear-gradient(grey, black);\n                display: flex;\n                justify-content: center;\n                align-items: center;\n            }\n            #skip-loader{\n                position: fixed;\n                bottom: 3%;\n                right: 3%;\n                background-color: transparent;\n                color: white;\n                border: none;\n            }\n        </style>\n    </head>\n    <body id=\"page-top\">\n        <!--  loader start -->\n        <div id=\"loaderr\">\n            <img src=\"assets/svg/Spin-0.5s-247px.svg\" />\n            <button id=\"skip-loader\" onclick=\"$('#loaderr').hide()\">skip</button>\n        </div>\n        <!-- loader stop -->\n\n        <!-- Navigation-->\n        <nav class=\"navbar navbar-expand-lg navbar-light fixed-top\" id=\"mainNav\">\n            <div class=\"container px-4 px-lg-5\">\n                <a class=\"navbar-brand\" href=\"#page-top\">Ai-Trader</a>\n                <button class=\"navbar-toggler navbar-toggler-right\" type=\"button\" data-bs-toggle=\"collapse\" data-bs-target=\"#navbarResponsive\" aria-controls=\"navbarResponsive\" aria-expanded=\"false\" aria-label=\"Toggle navigation\">\n                    Menu\n                    <i class=\"fas fa-bars\"></i>\n                </button>\n                <div class=\"collapse navbar-collapse\" id=\"navbarResponsive\">\n                    <ul class=\"navbar-nav ms-auto\">\n                        <li class=\"nav-item\"><a class=\"nav-link\" href=\"#about\">About</a></li>\n                        <li class=\"nav-item\"><a class=\"nav-link\" href=\"#trade\">How to Trade</a></li>\n                        <li class=\"nav-item\"><a class=\"nav-link\" href=\"#token\">Tokenomics</a></li>\n                    </ul>\n                </div>\n            </div>\n        </nav>\n        <!-- Masthead-->\n        <header class=\"masthead\">\n            <div class=\"container px-4 px-lg-5 d-flex h-100 align-items-center justify-content-center\">\n                <div class=\"d-flex justify-content-center\">\n                    <div class=\"text-center\">\n                        <h1 class=\"mx-auto my-0 text-uppercase wow fadeIn animated\" data-wow-duration=\"1090ms\" data-wow-delay=\"1000ms\">We Got You Covered</h1>\n                        <h2 class=\"text-white-50 mx-auto mt-2 mb-5 wow fadeIn animated\" data-wow-duration=\"1090ms\" data-wow-delay=\"1300ms\">An Artificial Intelligence You Can Trust.</h2>\n                        <a class=\"btn btn-white white wow fadeIn animated\" style=\"font-weight: bolder;\" href=\"#about\"  data-wow-duration=\"1090ms\" data-wow-delay=\"1600ms\">Get Started</a>\n                    </div>\n                </div>\n            </div>\n        </header>\n        <!-- About-->\n        <section class=\"about-section text-center\" id=\"about\">\n            <div class=\"container px-4 px-lg-5\">\n                <div class=\"row gx-4 gx-lg-5 justify-content-center\">\n                    <div class=\"col-lg-8\">\n                        <h2 class=\"text-white mb-4 wow fadeInLeft animated\" data-wow-duration=\"600ms\" data-wow-delay=\"400ms\">About Ai-Trader</h2>\n                        <p class=\"text-white-50 wow fadeInLeft animated\" data-wow-duration=\"600ms\" data-wow-delay=\"600ms\">\n                            The Crypto Market is a space with so many coins to buy, this can be a challenge for newbies and even \"experienced hands\". Why stress when there's rest in Ai-Trader. <br />\n                            Ai-Trader is a trading App that trades on your behalf, with low risk and great reward. <br />\n                            Ai-Trader is a system designed to save you time, mental stress of going through the details of different tokens. The bot checks the market for the best option and makes apt decisions to your advantage.\n                        </p>\n                    </div>\n                    <img class=\"img-fluid\" src=\"assets/img/ipad.png\" style=\"filter: grayscale(80%); position: absolute; opacity: 19%; height: 400px;\" alt=\"...\" />\n                </div>\n                <!-- <img class=\"img-fluid\" src=\"assets/img/ipad.png\" style=\"filter: grayscale(80%); position: absolute; opacity: 30%;\" alt=\"...\" /> -->\n                <div style=\"height: 100px;\">&nbsp;</div>\n            </div>\n        </section>\n        <!-- Projects-->\n        <section class=\"projects-section bg-light\" id=\"trade\">\n            <div class=\"container px-4 px-lg-5\">\n                <h1 style=\"text-align: center; font-weight: bold;\">Ai-Trader Simple Steps</h1>\n                <br />\n                <!-- Featured Project Row-->\n                <div class=\"row gx-0 mb-4 mb-lg-5 align-items-center wow fadeInLeft animated\" data-wow-duration=\"600ms\" data-wow-delay=\"400ms\">\n                    <div class=\"col-xl-8 col-lg-7\"><img class=\"img-fluid mb-3 mb-lg-0\" src=\"assets/count/1.png\" style=\"height: 300px; width: 100%; filter: grayscale(80);\" alt=\"...\" /></div>\n                    <div class=\"col-xl-4 col-lg-5\">\n                        <div class=\"featured-text text-center text-lg-left\">\n                            <h4>Step One</h4>\n                            <p class=\"text-black-50 mb-0\">Choose the most stable coin or coin with high prospects of rising.!</p>\n                        </div>\n                    </div>\n                </div>\n                <!-- Project One Row-->\n                <div class=\"row gx-0 mb-5 mb-lg-0 justify-content-center wow fadeInLeft animated\" data-wow-duration=\"600ms\" data-wow-delay=\"400ms\">\n                    <div class=\"col-lg-6\"><img class=\"img-fluid\" src=\"assets/count/2.png\" style=\"filter: grayscale(80);\" alt=\"...\" /></div>\n                    <div class=\"col-lg-6\">\n                        <div class=\"bg-black text-center h-100 project\">\n                            <div class=\"d-flex h-100\">\n                                <div class=\"project-text w-100 my-auto text-center text-lg-left\">\n                                    <h4 class=\"text-white\">Two</h4>\n                                    <p class=\"mb-0 text-white-50\">Initiate a trade.</p>\n                                    <hr class=\"d-none d-lg-block mb-0 ms-0\" />\n                                </div>\n                            </div>\n                        </div>\n                    </div>\n                </div>\n                <!-- Project Two Row-->\n                <div class=\"row gx-0 justify-content-center wow fadeInLeft animated\" data-wow-duration=\"600ms\" data-wow-delay=\"400ms\">\n                    <div class=\"col-lg-6\"><img class=\"img-fluid\" src=\"assets/count/3.png\" style=\"filter: grayscale(80);\" alt=\"...\" /></div>\n                    <div class=\"col-lg-6 order-lg-first\">\n                        <div class=\"bg-black text-center h-100 project\">\n                            <div class=\"d-flex h-100\">\n                                <div class=\"project-text w-100 my-auto text-center text-lg-right\">\n                                    <h4 class=\"text-white\">Three</h4>\n                                    <p class=\"mb-0 text-white-50\">Takes you out of the trade after reaching the margin you've set.!</p>\n                                    <hr class=\"d-none d-lg-block mb-0 me-0\" />\n                                </div>\n                            </div>\n                        </div>\n                    </div>\n                </div>\n            </div>\n        </section>\n        <!-- Signup-->\n        <section class=\"signup-section\" id=\"token\">\n            <div class=\"container px-4 px-lg-5\">\n                <div class=\"row gx-4 gx-lg-5\">\n                    <div class=\"col-md-10 col-lg-8 mx-auto text-center\">\n                        <i class=\"far fa-paper-plane fa-2x mb-2 text-white\"></i>\n                        <h2 class=\"text-white mb-5\">Tokenomial</h2>\n                        <!-- * * * * * * * * * * * * * * *-->\n                        <!-- * * SB Forms Contact Form * *-->\n                        <!-- * * * * * * * * * * * * * * *-->\n                        <!-- This form is pre-integrated with SB Forms.-->\n                        <!-- To make this form functional, sign up at-->\n                        <!-- https://startbootstrap.com/solution/contact-forms-->\n                        <!-- to get an API token!-->\n                        <div style=\"color: white; text-align: justify;\">\n                            Lorem ipsum dolor sit amet, consectetur adipiscing elit, sed do eiusmod tempor incididunt ut labore et dolore magna aliqua. Ut enim ad minim veniam, quis nostrud exercitation ullamco laboris nisi ut aliquip ex ea commodo consequat. Duis aute irure dolor in reprehenderit in voluptate velit esse cillum dolore eu fugiat nulla pariatur. Excepteur sint occaecat cupidatat non proident, sunt in culpa qui officia deserunt mollit anim id est laborum.\n                        </div>\n                        <!-- <form class=\"form-signup\" id=\"contactForm\" data-sb-form-api-token=\"API_TOKEN\">\n                            \n                            <div class=\"row input-group-newsletter\">\n                                <div class=\"col\"><input class=\"form-control\" id=\"emailAddress\" type=\"email\" placeholder=\"Enter email address...\" aria-label=\"Enter email address...\" data-sb-validations=\"required,email\" /></div>\n                                <div class=\"col-auto\"><button class=\"btn btn-primary disabled\" id=\"submitButton\" type=\"submit\">Notify Me!</button></div>\n                            </div>\n                            <div class=\"invalid-feedback mt-2\" data-sb-feedback=\"emailAddress:required\">An email is required.</div>\n                            <div class=\"invalid-feedback mt-2\" data-sb-feedback=\"emailAddress:email\">Email is not valid.</div>\n                            \n                            \n                            \n                            \n                            <div class=\"d-none\" id=\"submitSuccessMessage\">\n                                <div class=\"text-center mb-3 mt-2 text-white\">\n                                    <div class=\"fw-bolder\">Form submission successful!</div>\n                                    To activate this form, sign up at\n                                    <br />\n                                    <a href=\"https://startbootstrap.com/solution/contact-forms\">https://startbootstrap.com/solution/contact-forms</a>\n                                </div>\n                            </div>\n                            \n                            \n                            \n                            \n                            <div class=\"d-none\" id=\"submitErrorMessage\"><div class=\"text-center text-danger mb-3 mt-2\">Error sending message!</div></div>\n                        </form> -->\n                    </div>\n                </div>\n            </div>\n        </section>\n        <!-- Contact-->\n        <section class=\"contact-section bg-black\">\n            <div class=\"container px-4 px-lg-5\">\n                <h2 class=\"text-white\">Need Help!</h2>\n\n                <div class=\"row gx-4 gx-lg-5\">\n                    <div class=\"col-md-4 mb-3 mb-md-0\">\n                        <div class=\"card py-4 h-100\">\n                            <div class=\"card-body text-center\">\n                                <i class=\"fas fa-map-marked-alt text-primary mb-2\"></i>\n                                <h4 class=\"text-uppercase m-0\">Telegram</h4>\n                                <hr class=\"my-4 mx-auto\" />\n                                <div class=\"small text-black-50\"><a href=\"https://t.me/AITRADERCOM\">Click Here</a></div>\n                            </div>\n                        </div>\n                    </div>\n                    <div class=\"col-md-4 mb-3 mb-md-0\">\n                        <div class=\"card py-4 h-100\">\n                            <div class=\"card-body text-center\">\n                                <i class=\"fas fa-envelope text-primary mb-2\"></i>\n                                <h4 class=\"text-uppercase m-0\">Email</h4>\n                                <hr class=\"my-4 mx-auto\" />\n                                <div class=\"small text-black-50\"><a href=\"mailto:contact@ai-trader.online\">contact@ai-trader.online</a></div>\n                            </div>\n                        </div>\n                    </div>\n                    <div class=\"col-md-4 mb-3 mb-md-0\">\n                        <div class=\"card py-4 h-100\">\n                            <div class=\"card-body text-center\">\n                                <i class=\"fas fa-mobile-alt text-primary mb-2\"></i>\n                                <h4 class=\"text-uppercase m-0\">Phone</h4>\n                                <hr class=\"my-4 mx-auto\" />\n                                <div class=\"small text-black-50\">+1 (555) 902-8832</div>\n                            </div>\n                        </div>\n                    </div>\n                </div>\n                <div class=\"social d-flex justify-content-center\">\n                    <a class=\"mx-2\" href=\"#!\"><i class=\"fab fa-twitter\"></i></a>\n                    <a class=\"mx-2\" href=\"#!\"><i class=\"fab fa-facebook-f\"></i></a>\n                    <a class=\"mx-2\" href=\"#!\"><i class=\"fab fa-github\"></i></a>\n                </div>\n            </div>\n        </section>\n        <!-- Footer-->\n        <footer class=\"footer bg-black small text-center text-white-50\"><div class=\"container px-4 px-lg-5\">Copyright &copy; Ai-Trader 2021</div></footer>\n        <!-- Bootstrap core JS-->\n        <script src=\"https://cdn.jsdelivr.net/npm/bootstrap@5.1.3/dist/js/bootstrap.bundle.min.js\"></script>\n        <!-- Core theme JS-->\n        <script src=\"js/scripts.js\"></script>\n        \n        <script src=\"https://cdn.startbootstrap.com/sb-forms-latest.js\"></script>\n    </body>\n</html>\n"
        }
    ]
}